blind_id,reasoning,label
R000,"A small dark pinpoint is visible on one capsule in the flagged region, which could represent a real defect (air bubble, contamination, or pinhole in the gelatin shell) or could be a dust particle on the surface. The evidence is ambiguous because the mark is very small and it's difficult to distinguish a surface contaminant from an actual shell defect at this resolution.",
R001,"A small bright spot is visible on one capsule in the cropped region that could represent a pinhole or air bubble in the gelatin shell, but it is difficult to distinguish from a dust particle or specular highlight artifact given the glossy surface and strong lighting; the surrounding capsules appear normal with no other anomalies.",
R002,"One capsule in the upper region shows a small circular mark that could be an air bubble or inclusion in the gelatin shell, but it's difficult to definitively distinguish this from a specular highlight or minor surface artifact given the highly reflective nature of the capsule surface and the lighting conditions.",
R003,"The flagged regions appear to be specular highlights and the natural translucency of green gelatin softgel capsules showing their fill content — both are expected optical features of this product type. No deformation, leakage, seam failure, or surface damage is visible across the capsules in either image.",
R004,"One capsule in the crop shows a diffuse white/opaque patch that differs from the sharp linear specular highlights on neighboring capsules, suggesting a possible surface or shell defect (e.g., void or delamination), but the appearance could also be an unusually strong specular reflection given the capsule's orientation relative to the light source.",
R005,"The crop shows a diffuse pale/whitish area at the rounded end of one capsule that differs from the typical specular highlight pattern seen on other capsules; this could be a surface dent, air pocket, or shell deformation, but the lighting angle and translucency of the gelatin make it difficult to definitively distinguish a real defect from an artifact reflection.",
R006,"The flagged region shows what could be a small air bubble or surface pit on one capsule, but the dark olive coloration and bright streaks across all capsules are normal optical effects of translucent gelatin under directional lighting, making it difficult to distinguish a genuine encapsulation defect from an artifact with confidence.",
R007,"A small circular feature is visible on one capsule that could be a surface pit or air bubble inclusion, but given the highly reflective glossy surface of these softgels, it is equally plausible this is a specular reflection artifact; the remaining capsules appear uniform and consistent with normal softgel appearance.",
R008,"The dark olive-brown appearance in the center of each capsule is the oil-based fill showing through the translucent green gelatin shell, which is a normal optical characteristic of softgel capsules. All capsules show consistent shape, intact seams, and uniform specular highlights consistent with normal glossy gelatin surfaces; no actual surface defects are visible.",
R009,"The brownish center coloration is a normal optical artifact of light passing through the translucent green gelatin shell and oil fill. However, the cropped region shows what may be slight surface wrinkling or deformation on the capsule shell, though it's difficult to distinguish from a shadow or lighting artifact given the capsule's curved geometry and the overhead lighting angle.",
R010,"The upper capsules in the cropped image show pronounced longitudinal surface markings that differ from the smoother capsules below; these could be gelatin shell wrinkling/seam defects or simply deeper specular highlights from the curved surface geometry, making it genuinely ambiguous whether this represents a real manufacturing defect or an optical artifact.",
R011,"The dark regions visible on the capsules are consistent with specular highlights and the translucent green gel material showing the darker interior fill through the shell — a normal optical characteristic of softgel capsules. All capsules appear uniformly shaped with smooth, intact surfaces and no visible cracks, leaks, deformations, or discoloration anomalies that would indicate a manufacturing defect.",
R012,"The brownish/golden appearance in the capsule centers is a normal optical effect of light transmitting through the translucent green gelatin shell revealing the oil fill inside; all capsules show consistent shape, surface integrity, and seam quality with no evidence of leakage, deformation, or coating failure.",
R013,"One capsule in the crop appears notably more opaque/bright green compared to neighbors showing typical translucent fill-visible appearance, which could indicate a shell thickness anomaly or air inclusion, but the difference is also consistent with a lighting/orientation artifact given the capsules' random scatter angles relative to the light source.",
R014,"The darker central region and color variation visible on the capsules are consistent with normal optical properties of translucent softgel capsules — the olive/brown center is the fill oil showing through the green shell, and the bright highlights are specular reflections. No seam failures, leakage, deformation, or surface damage are evident across any of the capsules.",
R015,"The flagged region shows the normal seam line and specular highlight pattern characteristic of softgel capsules; the dark/light contrast is due to light transmission through the translucent gel shell, not a surface defect. No cracking, leakage, deformation, or fill anomaly is visible.",
R016,"The cropped region shows an irregular surface at the capsule tip that could be a small dimple/deformation defect, but it may also be the normal seam/join point of the softgel capsule shell or a specular highlight artifact; the evidence is ambiguous without clearer 3D surface information.",
R017,"The flagged features appear to be specular highlights and the normal die-roll seam line visible on softgel capsules; the translucent shell showing the darker oil fill is expected, and no leakage, deformation, or surface damage is evident across the batch.",
R018,"Most flagged appearances (dark centers, bright highlights) are normal optical artifacts of transparent green gelatin softgels. However, one capsule in the high-res crop shows a small dark linear mark/speck on its surface that does not match the typical specular pattern, which could be a pinhole or surface inclusion, but the resolution is insufficient to rule out a dust particle or minor shadow artifact.",
